{
  "shifts": [
    [
      0.0,
      0.0
    ],
    [
      0.3359038829803467,
      -1.2861547470092773
    ],
    [
      -0.15812723338603973,
      1.7270928621292114
    ],
    [
      0.3787435293197632,
      1.5548324584960938
    ],
    [
      1.2506837844848633,
      -0.8317861557006836
    ],
    [
      0.35976240038871765,
      0.3159427344799042
    ],
    [
      -0.25396528840065,
      -0.43049898743629456
    ],
    [
      -0.8971133232116699,
      0.25362563133239746
    ],
    [
      1.072913646697998,
      -1.642049789428711
    ],
    [
      1.0494029521942139,
      0.21291832625865936
    ],
    [
      0.605546772480011,
      -0.5404613018035889
    ],
    [
      0.0016271218191832304,
      -1.6577056646347046
    ],
    [
      0.38010668754577637,
      -0.9132325053215027
    ],
    [
      -1.171493649482727,
      -0.5641161203384399
    ],
    [
      1.0045421123504639,
      -0.6573994159698486
    ],
    [
      -1.1516426801681519,
      1.9814172983169556
    ]
  ],
  "rots": [
    0.0,
    -0.0394354872405529,
    -0.05364210531115532,
    0.027022702619433403,
    0.05231378972530365,
    -0.01937432959675789,
    0.007820616476237774,
    -0.022215669974684715,
    -0.06518802046775818,
    -0.012361765839159489,
    0.027391158044338226,
    0.039279479533433914,
    -0.03578966110944748,
    0.008311362005770206,
    -0.0035641256254166365,
    -0.02173147350549698
  ],
  "gamma": 0.43525293469429016
}