{
  "hr_shape_hw": [
    128,
    128
  ],
  "K": 16,
  "beta": 400.0,
  "downsample_ratio": 4,
  "shift_range": [
    -2,
    2
  ],
  "rot_range_deg": [
    -4,
    4
  ],
  "shifts": [
    [
      0.0,
      0.0
    ],
    [
      0.14016985893249512,
      -1.8395347595214844
    ],
    [
      -0.37395453453063965,
      1.558305263519287
    ],
    [
      0.19106197357177734,
      1.1288020610809326
    ],
    [
      0.9159245491027832,
      -1.1207377910614014
    ],
    [
      0.16605281829833984,
      0.09408307075500488
    ],
    [
      -0.3557732105255127,
      -0.8369781970977783
    ],
    [
      -1.3701646327972412,
      -0.21764230728149414
    ],
    [
      0.8366460800170898,
      -1.7498252391815186
    ],
    [
      0.7467424869537354,
      -0.2608351707458496
    ],
    [
      0.4969923496246338,
      -1.0620219707489014
    ],
    [
      -0.2797582149505615,
      -1.9329686164855957
    ],
    [
      0.2338259220123291,
      -1.3519489765167236
    ],
    [
      -1.5783805847167969,
      -0.6969337463378906
    ],
    [
      0.6886172294616699,
      -0.9520163536071777
    ],
    [
      -1.6390125751495361,
      1.7145142555236816
    ]
  ],
  "rots": [
    0.0,
    -0.03471953794360161,
    -0.05806916207075119,
    0.013987621292471886,
    0.059032510966062546,
    -0.009930944070219994,
    0.014323528856039047,
    -0.038082197308540344,
    -0.05562257394194603,
    -0.0020464977715164423,
    0.02170519530773163,
    0.06528689712285995,
    -0.024447960779070854,
    -0.0076362150721251965,
    -5.3221610869513825e-05,
    -0.014848021790385246
  ],
  "gamma": 2.0,
  "A": 0.04,
  "r": 1.0
}