{
  "shifts": [
    [
      0.0,
      0.0
    ],
    [
      0.323622465133667,
      -1.7011290788650513
    ],
    [
      -0.211625874042511,
      1.6623921394348145
    ],
    [
      0.23248083889484406,
      1.3296968936920166
    ],
    [
      1.196589469909668,
      -0.9504743814468384
    ],
    [
      0.26919952034950256,
      0.2345571368932724
    ],
    [
      -0.32923343777656555,
      -0.6725761294364929
    ],
    [
      -1.2575916051864624,
      0.008351686410605907
    ],
    [
      1.0783742666244507,
      -1.5949020385742188
    ],
    [
      0.918297529220581,
      -0.10998725146055222
    ],
    [
      0.5569695234298706,
      -0.9536450505256653
    ],
    [
      0.008226826786994934,
      -1.722406029701233
    ],
    [
      0.31725630164146423,
      -1.2380433082580566
    ],
    [
      -1.3389626741409302,
      -0.5131201148033142
    ],
    [
      0.8652529120445251,
      -0.7937430143356323
    ],
    [
      -1.4449456930160522,
      1.963415503501892
    ]
  ],
  "rots": [
    0.0,
    -0.030546382069587708,
    -0.049966342747211456,
    0.01843523606657982,
    0.0649896040558815,
    -0.00489087775349617,
    0.016495805233716965,
    -0.030995722860097885,
    -0.05024478957056999,
    -0.0012625145027413964,
    0.02757030725479126,
    0.07127560675144196,
    -0.021558266133069992,
    -0.0013595304917544127,
    0.00620198342949152,
    -0.00826187152415514
  ],
  "gamma": 3.391411304473877
}