{
  "shifts": [
    [
      0.0,
      0.0
    ],
    [
      0.2967100739479065,
      -1.187489628791809
    ],
    [
      -0.1937839835882187,
      1.5022436380386353
    ],
    [
      0.27719470858573914,
      1.4681246280670166
    ],
    [
      1.05697762966156,
      -0.9412218928337097
    ],
    [
      0.32332301139831543,
      0.19227474927902222
    ],
    [
      -0.4043578803539276,
      -0.43254777789115906
    ],
    [
      -0.8581917881965637,
      0.11326535046100616
    ],
    [
      0.9421824216842651,
      -1.581844449043274
    ],
    [
      0.8638269305229187,
      0.15722498297691345
    ],
    [
      0.4944324791431427,
      -0.5580089092254639
    ],
    [
      -0.07414716482162476,
      -1.7588359117507935
    ],
    [
      0.2608378529548645,
      -0.9270519614219666
    ],
    [
      -1.1668511629104614,
      -0.606228768825531
    ],
    [
      0.8523346185684204,
      -0.6471622586250305
    ],
    [
      -1.0805203914642334,
      1.9121342897415161
    ]
  ],
  "rots": [
    0.0,
    -0.04609084501862526,
    -0.05906021595001221,
    0.009277887642383575,
    0.04175657778978348,
    -0.02655843272805214,
    -0.0034380846191197634,
    -0.039063453674316406,
    -0.07420781999826431,
    -0.03415649011731148,
    0.011909549124538898,
    0.034165285527706146,
    -0.038762498646974564,
    -0.010889648459851742,
    -0.010419988073408604,
    -0.005365979392081499
  ],
  "gamma": 1.4870048761367798
}